problem,EIM_eval,sao_archiveinsert,sao_popinsert,
dsm1,0.037435,0.169819,0.366821,
dsm1d,0.033304,10.087225,9.751216,
dsm1dc1,0.058639,0.147094,0.391335,
dsm2,0.034244,0.094156,0.391055,
dsm2d,0.033898,8.138190,10.965068,
dsm2dc1,0.064337,0.070721,0.421008,
dsm3,0.021332,0.072231,0.270260,
dsm3d,0.015459,8.904840,10.034022,
dsm3dc1,0.042822,0.067806,0.236833,
